﻿age,gender,income,mobile
18,1,60000,apple
35,2,70000,apple
20,2,65000,apple
19,1,150000,apple
25,1,90000,apple
30,1,85000,apple
24,2,82000,apple
27,1,55000,apple
63,2,120000,apple
21,2,100000,apple
22,2,98000,apple
48,1,40000,apple
25,1,75000,apple
65,2,7500,samsung
16,1,5000,samsung
29,1,20000,samsung
45,1,30000,samsung
31,1,150000,samsung
64,1,100000,samsung
29,1,50000,samsung
74,2,35000,samsung
30,2,15000,samsung
26,1,25000,samsung
18,1,10000,samsung
50,2,8000,samsung
70,2,40000,samsung
45,2,5000,realme
25,2,6500,realme
65,1,20000,realme
15,1,10000,realme
30,1,18000,realme
57,2,17500,realme
42,1,7000,realme
36,2,12000,realme
20,1,17000,realme
32,1,13500,realme
50,1,9600,realme
30,2,14000,realme
19,2,8000,realme
